Text,Sentiment
 Shanghai is also really exciting (precisely -- skyscrapers galore). Good tweeps in China:  (SH)  (BJ).,negative
"Recession hit Veronique Branquinho, she has to quit her company, such a shame!",negative
 happy bday!,positive
 http://twitpic.com/4w75p - I like it!!,negative
 that`s great!! weee!! visitors!,positive
I THINK EVERYONE HATES ME ON HERE   lol,positive
" soooooo wish i could, but im in school and myspace is completely blocked",positive
My bike was put on hold...should have known that.... argh total bummer,positive
"I`m in VA for the weekend, my youngest son turns 2 tomorrow......it makes me kinda sad, he is getting so big, check out my twipics",negative
Its coming out the socket  I feel like my phones hole is not a virgin. That`s how loose it is... :`(,negative
"So hot today =_=  don`t like it and i hate my new timetable, having such a bad week",negative
 Miss you,negative
Cramps . . .,positive
 you guys didn`t say hi or answer my questions yesterday  but nice songs.,negative
Stupid storm. No river for us tonight,negative
My dead grandpa pays more attention to me than you do,positive
"... need retail therapy, bad. AHHH.....gimme money geebus",positive
 you are lame  go make me breakfast!!,positive
 thats so cool,negative
 look who I found just for you  --->  http://twitter.com/DJT2009,negative
"No AC, the fan doesnt swing our way ... we are sweating it out on a hot humid day",negative
Watching Body of Lies...good film,negative
Happy mothers day mumm  xoxo,negative
 I`m sorry  at least it`s Friday?,positive
"feels sorry every time I`m printing out, I use like 200 new papers",negative
 4n? ma rog  never heard of it  esti beat acum? u tweet too much,negative
" Hi there.  I agree!  Small children should be running about happy, not breaking down in tears",negative
  Hope ur havin fun in da club,positive
thinks SG is wonderful,negative
  im really sorry i know wallah how u feel this life is shittttttttt,negative
Not happy,negative
I`m so very tired...and have insomnia.,negative
 Thanks Ennio,positive
" You seem nice, you`re generous and you know your stuff",negative
   Caladesi was definitely a nice peaceful way to spend a Sunday! I got a lil tan!,negative
"Dear rain, you suck. Now I gotta change my plans for tonight",negative
I just cried whilst watching hollyoaks  .. i need a life! lol,negative
"Hi all, just recovering from a party, looking forward to an exciting bank holiday around the diy shops...life cant get much better.surely",negative
" for...the...loss. dumbface  ...him, not u. what u up to on the wknd? i wanna seeeeeee ya!",negative
"On the monday, so i wont be able to be with you!  i love you",positive
" Ur so cute..I`m a fan of Dream A Little Dream, This Kiss and appearances like in Dawson`s Creek  Make more flicks!",negative
_LaMont yr very young looking dude,negative
": hmmm, wrong link, ignore my tweet",negative
AT&T cheated the system and now I have no Green Day tickets  **** you AT&T!,negative
Tracy and Berwick breaks my achy breaky heart  They split ways in the hallways.,negative
" yep, i wish they were all playing dubiln",negative
 Yay for Block Party!  You`re the BOMB! Blockheads <3 Dave!   Thanks for supporting NKOTB!,negative
Happy Birthday Snickers!!!! ? I hope you have the best day ever! Let`s go shopping!!!,negative
 Thank you!  I`m working on `s,positive
Not feeling all that well today,positive
"http://twitpic.com/4wp8s - My ear hurts, and THIS is my medicine. GUM",negative
The underwire in my bra is sticking out and poking me in the armpit,negative
Happy Mothers Day!!!,negative
Happy star wars day! May the fourth be with you,negative
i just watched Marley & Me...i cried so hard!,negative
 haaaw..well i get out of class at 10:50..i hope i make it,negative
"Just had a great study time followed by a delicious Japanese meal with Arty! Now, trying to get back into the study mood",negative
FML not having a car is prohibiting finding a job,negative
 I want to see David cook!!,negative
 yeah i need his fricken cell number ive tried his home for months and hes too busy. i miss braddddddddd,negative
 yay about breaking 200!,negative
 bahah sadly I am not,negative
 i always have those for my Champions League parties  Tis awesome,positive
" well, not all. just stay away from those kinds and surround yourself with those who don`t. happy mother`s day to ur mom, treiz!",positive
 thats rough. hubby had knee surgery but it did help him in the end. Let us know the results. We`ll keep him in our prayers,negative
"Playin City of Villains, wishin my buddies were playin with me.....",negative
" yep - three things: a good haircut, the ability to listen and the value of not taking yourself too seriously",negative
 I liked it.  Did you record it yourself?  If so you have a very soothing voice.,negative
" Folks thought it was hilarious when I told them the story, and then they saw the shirt I wore tonight.  Laughter all night.",negative
 you`re the absoute best,positive
 Welcome!,negative
"just got home from a nice party, just not tired yet",positive
Now I have a sunburn,positive
I have the Job  this is a nice day it can not be better,negative
I wish I could go to #BEA this weekend.,negative
 love your books,positive
ok so this eye doctor guy is taking forever and i`m sitting in a cold room by myself...what? A jerk!,negative
Im Slowing on My Tweets..Cuase I Lost My Phone,positive
 well thank your phone for me.,positive
 why would they take a photo with stuffed animals?! that`s pretty funny,positive
tikcets are only ï¿½91...each...BUT I SO WANT TO GO,negative
 Happy Mothers Day,negative
 It`s gonna be hot here today too. today is Ryan`s last day of pre-k. I can`t believe it!  I`ve been a SAHM since I had him!,negative
"Oh, **** me. I`ve just returned from the Supermarket Of Doom to find that I have nothing to drink here.",negative
"D-group Saturday`s, with a little bit of football, an hour nap, 3 hours of soccer, basketball in the TSU and Yogurtland... Life`s Good",negative
just set up a new computer again. 15min. I love Norton Ghost.,negative
Ahhh my mommie got me new sheets for my bed  so comfy,negative
is pretty dang tired. but chambers class is for napping.,negative
i have to poop...   is hogging the shitter,negative
Happy muthath`s day to all moms!!! I salute you!,negative
Hahaha! Alright  ..,positive
 Aren`t you suppossed to support the local economy ... LOL ... good for you and congrats,negative
 good to know   thanks,negative
" E.L.O.  wow, brings back so many happy memories.  LOVE this band!..and yes, I know I`m showing my age but I don`t care",positive
 that`s a very cute picture ... but you don`t get fat from licking BBQs ... he must have found some chops on someone else`s ...,negative
 oh i love sunday mornings like this - mum just made scrambled eggs on toast,negative
"hate working when its sunny,boohoo",negative
Wondering if i cld make things any worse than they already are... answer.. JUST DID!!!,positive
Twitter has spoiled all the fun. Frustratingly slow!!  couldnt even bid properly!,negative
_chick haha. I completely agree,positive
Going to bed after a great night with a friend  glad to know she has the same feelings about classes as someone else,negative
" many! mine included. ahem. shld have known better back then, wldn`t have missed so many opportunities haha",negative
it`s nice to leave the office when the sun is still up,negative
I will miss the soccer moms,positive
just watched yes man. bahaha. that movie is messed up,positive
 Sadly I think I know exactly were you put it--in the expired drawer   Those things have a life span of less than two years,negative
" Too much? No, not unless one of the pillows ends up suffocating the one sleeping next to you.",negative
Wow that was fast...next up Soderling or Ferrer. Gilles Simon lost,negative
 glad to know that the ad display problem was due to a firewall config at yr office. phew!,negative
 woot!,positive
Happy #StarWarsDay. May the 4th be with you!  From everyone _paintball,negative
St joe is dirty.,negative
I hate my life,positive
sick to my stomach.. and i have a headache.. i wish someone could come rub my temples.,positive
 ****! natalya! you gotta tell me whats going on!!! i`d call you but i lost all my phone numbers when i broke my blackberry,negative
just thought about how unfair 3 ppl have been 2 me n got depressed again  HATERS!!!,negative
crying real tears,negative
 Panchito`s burfday party tonight... wish you were here kiddo!,negative
the best things in life are free  x,negative
misses my Mom today. She was my Best Friend and even though she has been gone several yrs I still miss her dearly. Happy Mother`s Day,negative
I am watching Blood + on veoh episode 19 love the music.wishing i could watch the live action but not old enough,positive
 that is a bummer,positive
http://twitpic.com/665jw The racoons ate our bread!,negative
Be sure to let the moms you know how fabulous you think they are!!   Almost Mother`s Day.,negative
No launch today. Teacher changed plans and we watched a stupid move about tesla,positive
  it`s very pleasant. i sooo rarely just have time to kill...,negative
 thank you!! ooh I see you`ve read Desert Islands http://is.gd/ys6K great book!,negative
__O lol but tiz a good song,negative
"@_Anix_ I bought cheesecake ice cream last week, thinking it was good, and it sucked so much.   I`m taking yours.",negative
_Wright THANK YOU! 'Return of the Mack' is THE jam!,negative
Ready for this saddenning depressing dullful upsetting dreadful weekend.,negative
sorry for my lack of tweets  ive been buzy. new vid this saturday!!,negative
" I do my humble best  Going on a works paintball day soon so that should fuel a few strips, no doubt",positive
going to bed  cant take thiss any longeerr maan. [U],positive
_Morden ..be at richard`s. if not then i`ll see you when you/we get back  good luck!,negative
Spent the last hour signing yearbooks. I`ll miss you guys!,negative
And I just love every little thing about you...,positive
My mobile has stopped recieving text messages AGAIN. Stoooopid thing,negative
Had an amazing night with my favorite lady friend,negative
_Oyler Poor little woman with her smushed in head,positive
is fixin to clean the house for my mom for mother`s day,negative
 Hey! That`s my school! I hate that place.,positive
 i did i only got 3 stars on the pre wash then failed the rince,negative
MY SiSTER iN LAW JUST LEFT FOR HER PROM!! SHE LOOKED SOO PRETTY.. TEARS ALL AROUND,negative
I`m really bored! My brother went to get his permit! Stay off the roads! Jk lol! It feels like all my friends have abandoned me! Except 1,negative
", goodnight",positive
"_The_Moon Hiya hun! It`s just not my day. Dentist appointment (ouch!),notebook being a ****. Feeling sick  How`s you?",negative
" but i do emily ahahha you scare me, so it would work",negative
should not have waled past the Quad! I want to be outside having fun.,positive
i think the food i ate made me sick.. i no feel so good,negative
"Lots of tasks to complete today. First, wecloming new members to Canadamigos Social Networking site, www.canadamigos.com, and coffee",negative
Just wants to stay in bed all day but has to go to work instead  sux,negative
chillen trying to figure this thing out gettin drunk,negative
Filming at a carnival for my music video... It reminds me of the Cherry Festival that I used to go to back home... Ahhh memories...,negative
I`m siiiiiickkk  I dun feel good!!,negative
 Propellerheads has been on my harddrive for a long while. Just got my music repo back in shape this WE and felt nostalgic,positive
Glorious sunny day in London town.. I`m in drama school fighting people with swords while protecting my romantically structured face,positive
_89 I feel so sorry for her  hope she dnt cry 2nd time,positive
would wish the severe migrains would stop!!! doc`s prescriptions arent working,positive
"09/09 +full moon+ my lovely friends and family= my b-day wish came true;)<3 In addition,gray matters is one of the cutest movies ever!!",negative
My Life Would Suck Without You - Kelly Clarkson,positive
" you should so host the next logies, i only laughed at your bit really",negative
__joy i feel like red lea now,negative
thinks revising in the garden from 8 this morning without sunscreen isnt the best idea ive had  oucccccccch,negative
Is miserable  i feel like im gona cry  sux!,negative
 i know they are delicious.miss germany but like holland as well as we used to shoppin there at weekends.lol,negative
" LOL, very true. Maybe next year. I loooved that siggy, and I don`t remember what the password for the mod thing was  Cake?",negative
 Hope you did great - you certainly spent enough time studying.,negative
Straighening my hair and its not going as straight as i want it to be what a  bummerrr for me,negative
" I need botox work on the lips if I`m going to change my name to Angelina Jolie, but it`s a thought! Sad though about the racism",negative
Morning all! Have a GREAT DAY! Off to school I go,negative
"now, in a weird mood  muahaz",negative
 congrats! Photo of dre?,negative
"#SanctuarySunday  thanks for joining on #SanctuarySunday, follow more Sanctuary people to keep up to date on the tweets!",negative
"Done at Disneyland, kid`s knocked out, stopped by the hotel bar and grabbed a grey goose & tonic on the way up...peace",negative
" Oh, and a very good review",negative
_MileyCyrus it wont let me do it twitter keeps saying over twitter capacity or something that bird keeps coming up.,positive
I`m extremely hungry.... and the only thing I have in my house is Soup...  I don`t like soup... *pouts*,positive
 its hilarious,positive
 I love the guy that was standing behind me,positive
Bout to hit the sack...got **** to do tomorrow. Happy mothers day MOM!,negative
lost my DC hat ..,negative
 I am soo excited about your pasadena seminar...if only i can find the confermation email,negative
Ugh I don`t feel well again all of a sudden,negative
I want a new phone  I`ve seen too much cellphone commercials (,negative
 we`ll test that theory  with no right arm to strum with.  Got a feelin I`ll be humming my new tunes for a while,positive
 http://twitpic.com/4vuuy - That`s so cool.,negative
school. 39 days !!! so exited. Amazing premier ,negative
  tis very useful indeed esp. for newbies like me!,negative
is relaxing after working on Mothers Day.  Oh well. A good day had.  Hope you are all well,negative
 yup!  Now I can join in on the nin access fun!,positive
 unfair  I wanna go too.,negative
Download movie  'A Good Day to Be Black &#38 Sexy' http://tinyurl.com/ckmkul cool #movie,negative
Jus got back from a run up sunset blvd! My cuzin tried to kill me my legs are still movin and I`m sittin down!!,negative
" Aww, that`s sad.  I miss seeing you guys on the big screen.",negative
" eeeeep so jealous ;) I`m at work  um, how can u receive Viva? Do they broadcast it online? :plz:",negative
 Thank you so much phaoloo !!!!,negative
 the hotel should be thankful,negative
"Watching GH. I feel so bad for Carly.  OMG, so **** up.",negative
 rofl that`s what we like to hear,positive
"Ok I`m frustrated, there is hella dust between the screens of my blackberry",negative
IS ANYONE AWAKE?!?!?!?! oh my god i am dying here. i want to go to SLEEEEEEEEEEEEEEEEEEEEEEEEEEEEEEEEEEEEEEEEEEEEEEEEEEEEEEEEEEEP. :[,negative
 thanks for following,positive
" Well, good luck then.",positive
at work getting a quick bite to eat before having to kill my wrist self addressing 500 envolopes,positive
Arghhhhhhhhh... i can`t keep up with these TwitterBones peeps,positive
making german apple slice  nom nom nom,negative
My tummy hurts,positive
Anybody else experiencing painful slowdowns with facebook?,negative
The poor Pirate had out his last wisdom tooth and is looking really peaky.,negative
Mozzer cancelled tonight by the looks of it.,negative
"waiting for aaron to get into town, and then leave him for work. booo",negative
is going to bed soon. happy mothers day to all the mothers  <333 ryan less than 3 weeks :],negative
"bored bored bored! wish i had something to do tomorrow, especially with the weather we`re to have!  not fair",negative
 well even with her breakdown she was better than the other acts unfortunately! Britain`s got very little talent,positive
" Sadly, I can`t view that site due to region restrictions",negative
"It`s 20:50 hs and i`m still at the office...really tired,wanna go home!",negative
Aly & AJ new album this summer. YAY!,negative
_day26 ~ Awwwww have fun with the fam boo boo,negative
@ lovelytrinkets I like the way you worded that about Rocky Road,positive
Mexican coca cola in a bottle. New favorite thing.  No high fructose corn syrup....  sugar is so awesomely old school.,negative
Got people don`t let me skip sci pratical becos skola is impt and dont waste my parents money.  Nt fair.,negative
 Thanks for the hint.  http://tinyurl.com/chtx7e.,positive
" u welcome babe, kill the show! Yuuupp!",positive
 I was never a good stereotypical teen,negative
I love my Maitu. N she loves me. Happy mothers day mama!,positive
 i am so sorry,negative
i have problems wih pizza..ii love it too much..i`m so addicted to pizza  and Dot Dot Curve. >,negative
So tired.,positive
had a lovely breakfast with mum...yummy pancakes,negative
 Yay! have fun,negative
 Why thank you... Us Mami`s are bringin` sexy back...,negative
 lucky! that`s awesome,positive
"Oh god, a moth was living in a **** power outlet!  (Actually, my PowerSquid.)",positive
"I love  very much  I called him, but he was talking to other fans  I love you a lot Mitchel! I`ll see u in El Cajon. June 7",positive
I misses my bed  so sleepy!,negative
"Woo! Two days till awesome gig, one day till Uni is finished for 12 days  #gigs #3yp",negative
Just found mj mouse flats at DJs. Of course there are none left in my size,negative
I`m dreading hearing even worse news tonight,negative
haappy bank holiday  2 weeeeks. aah!,negative
says my new layout is so cute x) see the cuties ? hahahah  http://plurk.com/p/suqp6,negative
" Good night, Rob. Sleep well. Safe travels tomorrow!",positive
 i know i suck.  my data plan is weak sauce.,negative
 dear oh dear.....,negative
playing at my old school playground still the same except them lame **** got rid of the tire swing,negative
happy mommah`s day to your moms  http://plurk.com/p/stqya,negative
" Lol - I could have written that - would be good to have 2 Mondays this week, then I might catch up x",positive
 Cant wait for DTE in Michigan this summer you guys are great look for me in the customized NKOTB Track Jacket,negative
 nope i have a fifth generation ipod classic  it likes to be dumb,negative
 meetings are overrated.,negative
 I love the smell of procrastination in the morning... oder so.,negative
 I considered being a nurse when I was younger but I really don`t think I could cope if a baby died,negative
 I know.  I am definitely going to try and see Up this weekend.,negative
 Nice!!!!!!!! I WILL be there,positive
Oh No!!!! I must be gettin old!!!! My mom use to watch this show....I miss her,positive
" lol that just totally made me laugh, which made my day",negative
tonight was fun,negative
Good morning!  Just took the longest shower ive ever taken in my life. Like 45 to 50 min shower!! Woah. lol,negative
"Allergies  sun is out, wearing shorts.  Stuck with my advisory the whole day.... This should be boring. Except fun. If people make it fun?",positive
Good  morning! Just went to bed it feels and already morning...goes fast! Now i am going to the gym soon. Have a nice day!,negative
no internet for a week or longer,negative
Jesus Christ meadowhall could do with better air con! Too hot,negative
 I sure she can,negative
 i want to gooo,negative
evryone come here http://www.blogtv.com/People/GinaNicole2 were spamming so much and blogtv is glitching and it might work,negative
Ready for tomorrow. My mommy will get her gift for Mother`s Day. Hope she LOVES it!,negative
Ugh fun concert  screen cracked on phone again because it fell... =\,negative
"So happy, my VStudio shortcuts are backkk",negative
 can`t wait to hear the evp! And cuuuute picture.,negative
Headed to verizon. Praying that pinkberry is going to make it.,negative
Awaiting reply from two projects. One cancelled.,positive
 Have You Watched You Belong With Me?   By My Lovely Sister ) Kiddin.,positive
"Well, Sacramento, I hope you appreciate Rivkah Sass & treat her well. I`ll be sitting here in Omaha, pouting",positive
Leaving the beach .. Having a great day with vicente .. We needed this time together,negative
"Got caught in the rain. Sand Monsoon all the way home, even though i looked like a complete idiot",negative
just left & already misses Nashville  be back sunday,negative
" you`re a busy Bob, I`m jealous. I`m not sure I can even afford to go meet John de Lancie and Leonard Nimoy",negative
I am living in a country where the government is ALWAYS a circus show ... sad but true...,negative
 yep  but I`m going better now,negative
Fun is being had.,negative
$#@! My nose stud fell out and I can`t find it  Looks like I`ll have to head into Amsterdam today and get a new one,negative
_other Excellent analogy,positive
Good morning tweeps. Busy this a.m. but not in a working way,negative
 FOLLOW ME BABY U SAID N DA CHAT U WILL  LUV YA GOODNITE,negative
got a rad new t-shirt from my aunt. Made from some cool shiny shiny pink material.,negative
 it was an awesome talk  find it very true that i am watching the ruby community closely,positive
 hahaha niene ur soo smart.! lmao i think that is who its by..  good lookin.. whts up gurlie?? i come home this weekend.!,positive
"I hereby announce that I am... employed! Couldn`t be happier, Alhamdulillah!",positive
"i juz registered my cp in twitter, but my tweets wont go thru? Argh..Hmm wanna follow my idols lyk  away from the PC..",negative
" Glad to hear you made it out, I hear that place used to be it`s own country  Looking forward to your arrival!",negative
So many farewell parties! sad to see people leaving ..,negative
 - Still a pity it comes with no lamb though,negative
"TAKE THAT, TAKE THAT!!!! IN YOUR FACES!!!!!!!!!!!!  Robbie won!",negative
 no other reason? I wonder if she loves you,positive
 happy birthday ness!!,negative
feels ..my cousin is a monkey  http://plurk.com/p/x23pa,negative
Don`t you hate it when you`re left with one slice of bread left in the bag? Half sandwich.,positive
Loves random acts of kindness and laughter,negative
"Gha, off to work - hopefully traffic has cleared up by the time I get there!!",positive
Just watched another episode of JONAS. Is it better than Hannah Montana? Very much true!,negative
Going to meet the new family I`m babysitting for... Wish I was still sleeeeping,negative
 Hi Heather. I dont know why... but I just saw your messages from April!! Have not been very twitter friendly...,negative
 I know right  Poorpoor girl! It shows why they shouldn`t put young people in competitions like this though (.....) -,negative
" wowie wooie someone updated their twitter without me having to remind you. I`m not even mad,I`m impressed.  how was the lasagna ?",positive
Today is another good day for some less extreme experiences... Anyone a fan of #24? I`m watching season 4 now,negative
" i was going tonight, but you never wrote me back with the info  im sososo sad...",negative
 still not 100%    im sick of being sick!,negative
wat a stressful week i jus hope everything falls into place 4me,negative
with hubby at the dentist ready to hold his hand  and getting nervy about potentially buying a car tomorrow,negative
Aww I got to see my 1st grade teacher`s last day before she retired,negative
" For sure you should continue to Tweet WHILE on conf call, WHILE worrying about cat and bee.",positive
"LOL! Made a huge mess of my school shirt, was using charcoal sticks in 2D art",positive
BGT made me cry tonight,negative
"gawww, why is facebook being so slow?",negative
 im cool  cant wait to hear these stories xoxo,negative
Also I was conviced to do a happy dance and then told it was the most adorable happy dance ever,negative
i feel in love with pizza girl... now i eat pizza everyday,negative
 11 30s way early! anyway nigth night  love you!,negative
" If i say PLEASE REPLY TO ME DOUGIE, will you do it? I double dare you",negative
" MUAHAHAHHAHAHA...   well, maybe they think I`m crazy or something. I haven`t scared  yet though",positive
today got her POP! t-shirt & lovess ittt  haha x,negative
"Perfect night. Best month of my life so far!! You my boo, ",negative
 yayy  you`ll can help me im doing my english homeworks which i had to do during the holidays >.<,negative
 hi ya demi! im glad ur back   http://twitpic.com/4vuuy i personally love the picture! haha,negative
" Think you should do a tour in England, we dont got to see any aweomse people !!",negative
Is bummed out...i don`t have even one testimonial on Flickr.,negative
 I am sorry that you are feeling that way.,positive
yeah so Prom Night is now the Craft (good movie),negative
 don`t go to logan square we`re pretty sure the shirt isn`t there  1 more philly local tmrw,negative
"    I am sending healthy, healing thoughts in the mumborg`s direction.",negative
"Not at prom. Ha! Chinese, iced chai, and some old school pokemon. Good night",negative
"Went on a short flight around the Geelong waterfront.  Surprised at how well I handled it, as I`m still exhausted from last weeks meetup",negative
": I`ll keep y`all in my prayers but welcome back to TX  Hope you have a good,safe flight",negative
Good morning scary world!,positive
"is back at working auditing away, time to make the hard decisions and be happy",negative
 - ummmm. no comment. LOL. I actually have not watched GH in about a week.,negative
 <3 your gonna be the first  twitter ;) cause your amazing lol. come to canada  would do anything to see you perform,positive
 Thankfully that face only shows up for photoshoots,positive
" Don`t worry, the bizarre will find you",positive
 Sorry - I have failed to grasp your meaning,negative
Extremely happy to see my new track 'The Awakening' featured on Indivibe   http://www.indivibe.com/vibe.php?city=1,negative
"I love my mom! Happy Mother`s Day, mommies",positive
Just Chilling after MCFLY last night! ABSOULUTELY INCREDIBLE! =D i love them!,positive
"God, why can`t I be at #asylum? Really. I never get to do anything cool!",negative
"working on mothers day slideshow, cake, card, and balloons  she deserves the best!",negative
" Thanks, hope you have a good one",negative
" - You too, thanks for completing  Calvin Appreciated",negative
"Morning everyone sorry for going early last night had bad news, felt totally ****   Today is a new day",negative
 Hahah! That was the best! Thank god for Terry he was laughing so hard. I miss him   I remember racing trucks with him that ...,positive
 KILL IT JASMINE! Haven`t talked to you for ages.,positive
got an awesome hair cut todayyyy  it looks so hottt haha doing homework,negative
 someone`s a sweet tooth  i was dying for somethin sweet so i`ve attacked the chock coated tiny teddies all i could find lol,negative
my apple-mouse doesn`t work on my shiny red coffee table...,negative
" (2) in commentary  , I was with her, was sad, very sad",negative
Yet another good weekend with someone. Sigh. Man I like the boy..,negative
"about to head to the Strand, goodnight",negative
 hiya! been looking for you1,negative
" Aw, that stinks, I`m sorry.",positive
My comp is being slo w,negative
: unfortunately not.  I have to take it to a repair shop or replace it.,negative
 : Come to VietNam to make a live Show Miley. there are so much fans love you at Viet Nam,negative
" 'You guys could have fun in a cardboard box'.. I miss you already, bro.",negative
Josie`s out of surgery. She`s now officially unable to procreate. And She`s way out of it... Poor medicated baby,negative
I signed up for an account on a political website so I could post a comment but it isn`t working.,negative
_NigerianBoi thanks JT i also enjoyed it i will. r u following me? ill follow u back,negative
 sorry 19/female/atl very lonely,positive
"Feeling awful, new medication is making me nauseous",positive
 inooo arent they just  i wanna just go down there now an meet kyle again.. im too obsessed its not fair!,negative
" If I could, I`d send California sunshine your way.",negative
I need a present for my mom.  Could anybody help me ?!,positive
" I am in Weirton Julie, way up North at the tippy top! LOL we don`t think southern WV folks like us too much.",negative
bad mood and i dont feel good. too bad no one cares,negative
" I love you so much.  Just got into my hiding spot, gonna go check out datalounge",negative
"  youre diabetic?   so is my dad.  & i might be too, not sure.  are you still allowed to eat sugar throughout the day?",negative
I just really want to sleep butmy eyes won`t let me,positive
" Ian and I are going to a matinee tomorrow, or that`s the plan at least...it`s going to be too expensive for 3d at night",negative
" I know, but work is so boring. I prefer the  take on life",negative
 Gmorning Hermana! Thank you for your testimonial it is wonderful. Posted already.,negative
"AHHH - Whatchu talkinï¿½ baby?  HAHAHA I canï¿½t believe youu:O heh, actually I can. Life is worth taking risks... http://tumblr.com/xs81qy54s",negative
Off to enjoy a Hanami picnic at the cherry tree park. Hope the weather stays nice.,positive
The comp deleted half my apps,positive
"In Whin Park on the swings, victory is all mine right now",negative
Well it would seem that you can enter nine 0s if you are an Individual without a SSN/ITIN or EIN according to Apple.  Hurray!,positive
 because its like ten times better than this place xD and its so beautiful and fun  and they have gold coast hot dogs!! xD,negative
 oh you are too kind,negative
" yeah, so quick! And I`m using the 5mm addi`s I bought on Sat and it makes it even smoother",negative
"  ummm...last night when I DM`d you, you said it was a 'good' question.",negative
" man, I am really sorry",negative
wow.. tomorrow and then it`s over. i`ll never see some of those people again. it`s kind of sad.,negative
NCAA Baseball Road 2 Omaha: South Carolina just hit a 3-run homerun. Dagger 2 my heart.    Mason 1 - South Carolina 3..,negative
" I send messages to greg all the time, no answer  its ok I still love o & a, goog luck with your move to Erie.",negative
10.11PM~ todays a drag for me. so bored. im about to get into the romance book so i prob wont be on til the morn  night twitter babes ;),negative
"twitter fam, i`m about to hop back on AIM i went ghost on y`all lolz sowwy",negative
 i make them good girls go bad,negative
Sites that republish my blog`s feed often end up higher than my blog on Google search results,positive
oh yes! Level 40,negative
my baby`s off on his adventure. 14.5 hours in the car up to Lake Ann Mi. I admit it. I cried a little when the truck pulled out...,negative
 http://twitpic.com/4uyn9 - I NEED THIS. RIGHT NOW. THIS IS ABSOLUTELY MINDDDD BLOWING  I love this. So much!,negative
frustrated by my stupid iPhone I need a blackberry!!!!,positive
I`m still at the mothers day lunch at my uncles house. Having a nice time!,negative
 Oh! I ate pizza last night too!  I stupidly feel closer to you somehow!,negative
" Oh right,sorry,now i get ya,But still 3000 email`s,wow,cool",negative
? I had great time in Boston. Thanks to my baby girl.   http://plurk.com/p/rplmy,negative
 my bad homie,negative
Good morning everyone,negative
" love this one, especially the shoes  anyway, gmn punya acc lookbook ya? http://lookbook.nu/look/92920",positive
good morning world,positive
And ... Happy Mother`s Day to all Moms   You sure are the ? heart of mankind.,negative
 lol that was a great movie,negative
feels really sick.,negative
Hecks yeah. Jandy timsamlake is too rawesome!,negative
**** internet jus cut me off!  was bout 2 shoot sum guys eye out  ~*~KANDI~*~,negative
Not only has it broken but it`s Monday!!Does this mean Monday can be fix`d?  ? http://blip.fm/~5jgio,negative
People at work are stressing me out.,negative
never trust someone else`s battery operated power tools when you`re in a hurry,negative
 Lol Your tweets are so funny! I met you in Calgary! You`re awesome  Can`t wait for the next HP movie!,negative
is off to work ... still 'recovering' from an amazing and beautiful weekend. Have I mentioned how incredible my friends are??,negative
 so`s the smell of cigarettes and alcohol... at least *i * like it.,negative
`s current goal is to lose 10 pounds by next tuesday! 120 here i come   soooo ready for Gatlinburg!,negative
my best friends bought something which i really want.,negative
" It depends on your goals & how much you want to spend  Cannondale, Specialized and Cervelo are all good brands.",negative
My net died so yeah....  I`m sad now,negative
i dont know why i follow sme of the ppl that i do... they e anoying and boring. * note to self -unfollow peeps on monday morning,negative
Bad migrane and need to go to dancing tonight.... Not a good combination,negative
"Grinding Skyguard rep. This is less awful than I anticipated. Yet, still awful. Last tabard I need",positive
 i dunno if he saw it  happy birthday girl!,positive
 awesome,negative
 ****! I want to be at the beach in the sun,negative
OH. I am just so tired.,positive
"Well, my dog still isn`t at the shelter. I hope someone good has him",positive
 Well tell me what fashion tips you need and I`m your woman  hehehe,positive
" Hello there, Taylor  I MISS YOU. Its been 2 months </3",negative
i wear a lot of white  http://tinyurl.com/dlbltg,negative
 Always a good idea.,negative
getting nails done!!! how relaxing! benji is only 24 hours away!!!!,negative
" not here for long hun, head hurts",negative
All of a sudden I`m craving broccoli and cheese soup really bad... my mouth is watering envisioning a bread bowl in my head...,negative
 That it does  just wish more people would notice it,negative
"Wish you were here, babe",negative
This morning I rode behind a guy with a bird cage containing a plastic Tyrannosaurus rex attached to his bicycle. I couldn`t get a photo.,negative
"I love summer, but I oddly don`t want this school year to end.",negative
 lolz at your modesty...***kix rox***...now all the gals will be lined up at your door,negative
"morning, how is everone? sing to me  You tuck me in, Turn out the light, kept me safe and sound at night. (8)",negative
i so can`t be bothered working tomorrow!,negative
 kittens are cute then they grow up n become CATS,positive
 .. Guess ol` Tom has another mission impossible ... some of this is like trying to prove innocence .. I didn`t get hugged,negative
 Hey I was scared last night at 3:17 because of you... and I had several bad nightmares,negative
 gawd. People still remember the preggers comment. Hate you!,negative
oh no my tweetdeck is malfunctioning :O il have web will its fixd,negative
 yeah freakin sucks!!,positive
#followfriday _1001 cuz ive never been added to anyone`s followfriday either  & cuz he`s got a cool picture,negative
wishes that you would see not with your eyes but with your heart.  http://plurk.com/p/sv5bb,negative
 Awwww   i`ve got some photos of cute bunnies,negative
long day and i still have to mow the lawn,negative
 why has it been so long since i have talked to you let alone seen you?? it makes me sad,negative
Happy mothers day mom  ?,negative
I want cookies for breakfast! Luckily I`m an adult and can do that!,negative
Mowing #6. I hate my lawn,negative
 yeah.. I left cause my pc can`t run the client anymore. I had thought I would have a new one by now..,positive
Feeling bad for  profile pic,positive
movie then sleep! Today was good day  [{H!--D3ff}],negative
is getting married in Vegas in November by an Elvis impersonator am so happy!!!,negative
 tried to join the chat but the site would not let me sign in,negative
singing songs and filming movies  what i do best,negative
Their songs make me want to cry..,negative
While driving u come across aggressive driving behaviour by another driver. U should... Chase the car 2 tell the driver how to drive,positive
 Wasn`**** totally awesome?  Seeing the rebooted crew was so nice!,positive
"_d thats good to know, and I bet he looks just like you.",negative
_43 HAHHAHAH that really made me laugh out loudd! ahahahahahahahahah your fuunny!!,positive
i so wish i could get pregnant!!,negative
 im trying to fix it.. it doesnt do it  and its 'ahi dios mio' but u did good lol,negative
 Hiya! Missed you too! What have you been up to?,negative
Really sick,negative
"Thx, Robban  http://www.sk-gaming.com/match/17905",positive
 thanks JK!!!  Love ya to death,negative
Going to Al Ain.  Need to check out one store. Hope i find things that I`m looking for.,negative
So my parents are too busy making me feel like **** to realise that I`ve got worse and need to see a doctor again. No sleep sucks,positive
" G`night Jonathan! I tried to stay up, I really did. I can`t wait till ur in my timezone! Will be so much easier then!",negative
Prom is so over rated!! Irritated... Going to bed goodnight,negative
" english screwed up my overall percentage in X, in XII again and probably in adm tests too. **** happens.",negative
 i want chinese food really baaad.,negative
"_d you`re gonna take good care of that little baby and he`s gonna be a strong boy, that`s for sure",negative
 ha! lemme know what you find (tho I suspect it will be a lot of complaints). Have a peaceful night my friend,negative
  sad face.,negative
Aaaaahhhh.... Friday!!!! but.......     Funeral at 5,negative
Already misses ,negative
"_laura_LP ok thanks for the help! I hope they respond to me sooner or later, then! thanks!",negative
  out of commish for a few days in ATL with fam.  Just saw the updates to the .net website... Looks AWESOME!,positive
" awww that sucks  also, when i finish uni, you should totally have a mini housewarming. yes, work it around my schedule, LOL.",positive
 I would vote for you Miley but I live in Ireland  You`ll be fine  Good luck! Slï¿½n!(bye in irish ) Sorcha xxxx,negative
"Oh..Summer begins..yay..  The fighting, Crying and stress has started with the kids..It`s only been 3 hrs since they got out.",negative
I feel so deflated. No more doggy.,negative
 Omg really??  I sowwy! I`ll do it again! :-p I was tired when I did that this morning. :-p lol!,negative
"owww, back pain  hm, walmart or no? i could get cupcakes~",positive
Making my boyfriend look different.  He`s  cute no matter what. <3,negative
 LOL thx,negative
 well there go my peace corps prospects.,positive
" Good idea! I`ll have to remove all the old receipts, tissue paper and other nonsense before I can take a pic",negative
 i`m not in the best financial situation myself at the moment. i`m beyond broke. my money is spend as soon as i earn it atm,negative
"If recent experience is anything to go by, I fear I might be going off Indian food. This is not good, people. Not good",negative
 i wish i wasn`t all  bummed but i kinda am,positive
 Hey Mitchel when will you be live again? I didn`t get a chance to call you,negative
Back is SORE... should not have done that jump last night,negative
'Brides a la mode' pow wow first thing this morning   This past weekend`s lovely wedding fresh in my mind... pics soon!,positive
"such beautiful weather.. .why are u sick, baby ?  @ tanapolis",negative
 Yep. Nothing to worry about.,positive
back to work tomorrow  whose idea was it to go back on a saturday?!? Oh wait... that would be mine. FAIL.,negative
Wow what a storm we just had!!! Now no power,positive
getting my phone back this week  yeeeewww,positive
back from school  daily show was amazing  gonna watch it again later i think xD,negative
_breez Yer please do! Have a good day!,negative
 hot cuppa coffee made with milk & fortified with Monin`s Irish Coffee syrup! Bliss!,negative
right im out of here peeps.. i hope  fixes twitter mobile so i can tweet from the race.. m.twitter has been down for 4 days  #fail,negative
watching Army Wives and it always makes me cry,negative
productive day 1,negative
 gotta love the summer,positive
_buckley Good morning from sunny London...sounds like an oxymoron but happens to be true of today  Hurrah!,negative
 Cool. That`d be fantastic!,positive
" Yes, but I`m quite rusty.  I`m hoping to get back to it and 'tune up' my skills.  Tim plays guitar.  We threaten duets.",negative
Hey everybody!  hah this day is cool! just got back from walk with the dog...  OMGosh! Send me the link again please!,negative
 srry im not so interesting right now... stayed up til 6am cause my tummy hurt and now im pooped and have to work,positive
 me because I might not have enough money for college!!!,negative
I love how when I leave my laptop on my bed it creates a nice toasty spot,positive
 Does it start tomorrow?  I was going to book Sam on that and forgot,negative
" salt and vinegar, cheese and onion make your breathe smell lol  ****",negative
 You`re welcome. There!  I added you already!,negative
" Sorry to hear about your dude probs, what is it that`s too much?",negative
Discovered that Numpy arrays can hold values of any type.  Useful for manipulating arrays of numbers with uncertainties.,negative
"maybe i should take up drinking again, feel as if i have a ,massive hangover  still not ,yself today",negative
TODAY FRIDAY: I really hope you will read my messages here and reply to me soon. I could not reach you by phone before you go to work.,negative
 whatever i know you like it.  HAHAHHAH!,negative
oh no! my fun weekend with friends is gone! my mother has made a family weekend of it!  ****,negative
Good morning twitterland. Happy Monday,negative
thanks timmy.  turns out he has strep and a high fever.,negative
" oh, that is very nice!! I will do something nice next week ~ going to Madrid next weekend for few days",negative
keeping it chilled.,negative
what a beautiful day not to got to my first class,negative
 Fabulous. And I didn`t get that pic  Gmail be acting the fool sometimes. Can u DM me it?,positive
_ that sucks!,positive
 yes it does,positive
_datti Thanks sankar for ur wishes,positive
"I love waking up and thinking it`s a weekday, but then realizing it`s the weekend.",positive
" sorry bout the cat,",positive
Up and washed  I`m clothing myself as I type xD WOOOO,negative
 miss u too. I`m still at a club...u know...west coast ****!,negative
 love love love pot psycology. My Friday night treat,positive
Happy Star Wars Day  May the fourth be with you!,negative
_art That would be the one.  It`s awesome sauce.,positive
" I`ve never been to Prague, but if i had the money, it`ll be in the 10 first cities I visit",positive
"_ really!? that son of a ****, screw him, ill talk to on msn later k  xox",positive
" We didn`t...but we did have to wait a good twenty minutes for one.  Good night, though!",negative
 I always hope they will die out but then i see the the old ones and it makes me sad,negative
 don`t follow me. You will ruin my twitter experience,positive
Blah to car repairs... almost 600 dollars...   Shopping around for a better deal.,negative
Weetabix and Choco milk  Yum!,negative
I`m sad to have lost another person close to me to cancer,positive
_Nutbar Good morning  how are you? #TwitterTakeover,negative
"_la ben`s dreams make me so saddddddd  i want them to be togetherrr. i swear if this **** gets me bawlinggg, so help me..",negative
30 year old Barbie dolls still can rock it...that girl was H-O-T!  and Ken ain`t so bad either!  now those are memories!,negative
this weather makes my fingers numb / still waiting,negative
 LOL yeah ima mama  thanks. happy mama`s day and lakers day! i love it!,negative
http://yfrog.com/0xoxij Fry bread is good but they only gave me a little pinch of lettuce  ha ha,positive
 Its WoW! effect  Thanks for the update.,negative
"got up at 8 today, and also misses his friend ",negative
Gonna go to work with my honey today!!!! So exciting!!!,negative
_ aww thats too bad you lost it though,negative
I hate going online and looking at the balance in the bank.  its always a lot lower than I need it to be.,negative
_x How did your Geo ISU go? I swear I just had the worse day ever..,negative
"And you could have it all, my empire of dirt! I`m in a&e with dad I`m freezing fully shivering Every1 else is warm  no fones allowed ffs!",positive
Out for ultimate training. looking forward to the sunset!,negative
going to work once again. what a great few days off i had. now it`s over  but atleast i get 2 more commin up wahooooooo,negative
"'you said 'darling what happened? did I fall asleep, and you carry me home? Cuz I know I wasn`t here'' Goodnight twitterererers",negative
 I broke my ipod,negative
_banks 'Something must be wrong. Only found 17 July Harl/Sil books I wanted,negative
 Haha and you should! State pride is important,positive
" Ugh, did you just say your friend might have swine flu? OMG, why?",negative
" haha no problem, it`s fun isn`****",positive
"Finally got to wash my hair! I feel much better now, but I gotta dry it ... Effffffort.",negative
finally feel back into swing of things here at work after getting married last week! sigh of relief for no more wedding planning!,negative
 that sucks  booo.,positive
looks like we`re rained out for weekend climbing,negative
 oh ****!!,negative
 i dont really trust the judgements and vouches of _xo   jk. i`ll think about becoming a friend of yours,negative
 Jesus heals,negative
 Your birthday? WELL Happy birthday,positive
 did you tweet me? i thought i remembered seeing one but i cant see it now! SO glad teatree is ok!,negative
 Happy birthday in 2 hours and 54 minuets  Haha,positive
Glad to see it`s a typical Bank Holiday weather wise - I was going to do so much today - yeah right!,negative
 Hayley Williams is pretty much amazzing,negative
 not really having a good night... missing my little girl...,negative
  miss you captain,negative
" OI, are you mocking the fact I dont cry at tv things?!  *Feels bad*xxx",negative
is excited!  http://plurk.com/p/stk04,negative
 hmmm really??? that`s weird idk about that one  sowwy,negative
 oh that looks boring  and even more boring you have an exam on a saturday,negative
 Thanks though - am trying to be positive!!  Wine may not be helping lol!!  Wish I could make the gigs.....,negative
 i think my niece got me sickee  lame.,positive
Rise and shine  Time to get prettifide.,negative
" I tried sooooo hard to work from home today, but failed  Not my fault though.",negative
 Gosh I`ve a stinky old headache. Maybe I should have lunchfast,positive
I love my life  Ni night twitter!<3,negative
Succesfully following Tayla!!,negative
 Have fun tomorrow night. I think it will be more fun at a bar than art gallery. Wish I could be there,negative
trying to learn to tweet!!  it`s all good I hope..,negative
"Bleargh. I can never clean as much of my house as I want to before work, no matter how early I wake up. Today: sink, laundry.",negative
"Great, social network sites are still growing",negative
 So...I was half asleep when I wrote the previous message. Greatest friends !!haha  You are!!,negative
some of my new followers are pretty cool tweeps; check `em out.,negative
"no work today! went shopping, and now relaxing  &learning for the toefl",positive
 yay asap lol awwh I miss our friday night happy hours even luna del sea and the 'boy' hahahaha,negative
 Cowboy westerns...haven`t seen those in a while. good luck,positive
 It`s already over? ****!,negative
My dad knows i got drunk today. And i didnt get in trouble.,negative
" Lol - I could try!  Seriously tho, dont do all of it! That sucks! ****",positive
 **** i wanna see the rest!! i only saw like 30 minutes,positive
Happy mothers day mom!!!  i love you.,positive
"burning cd`s,,,,,,,,, **** outa blank disc`s",positive
" new album is truly genius, so happy with it",negative
 you`re alive!!!!!!  Go w/ The Notebook...it`ll make you cry and stuff,positive
 Okaii Cool!  I Can`t Wait For The Series To Begin It`s Guna Be Awesome  x,negative
crying to A Walk To Remember as usual,negative
happy star wars day everyone  off to celebrate with the family... ok we`re not celebrating it but i am going round to the famo`s...,negative
"I also have a certain CD from camp that a certain somebody gave me...  Yeah, there`s this guy in the video that`s really frickin hot!",positive
"we finally hit 1,000 friends! thanks!",negative
I`m at work....bored out of my mind.,negative
 http://twitpic.com/4l85a - best kind of gum ever! I just bought a pack,negative
The Heater blew up,positive
 i tried. and failed,negative
"  just finished mine, some parts were remarkably difficult  cramming kanji now!",negative
why is everyones tweets about britains got talent?! i feel left out,negative
yay mothers day  i love mi madre,negative
They wouldn`t reverse any of my overdraft fees.,negative
_N9ne I`m not having a good day,negative
i miss the Soulja Boy dance...,positive
"I woke up an came to the realization that I can put it off as much as I want, but I need 2 drop some friends. Dammit!",negative
11 Days left until freedom. I really just want to get through this weekend. I hate essays.,negative
  lol you guys are awesome,negative
"Home, good night world",negative
" http://twitpic.com/4vtlm - awww, she is really cute",negative
got alot of runnin around to do today to get this job app completed so they can have it on file... so glad i got this job!!,negative
lappy charger is completely dead... conserving what`s left of the battery until i can afford to buy a new one,negative
Happy Mother`s Day all of the mom`s around the world!  I love mine more than anything in the world and can`t wait to celebrate! WOO!,positive
I put a real pic of myself up. I`m going to miss the avatar.,negative
doing my folio work but keep on getting distracted by deb pics,positive
I can`t sleep. I can`t find my grandmother`s quilt or locket. I`m sick at myself cause I may have lost them somehow. Or they were stolen,negative
Had to take my bad **** dog to the pet hotel....so sad,negative
"Wow, its hot and miserable. People are probably killing themselves right about now...",negative
 Thanks mama ! I absolutely adore her,positive
" i would but he`s premiering avatar footage and can`t do it then. also, we better hang out.",negative
Home from Chelsea`s  Jam sessions = <3 = Chelsea + Abby = I luh you.,negative
we`ll be visiting my grandparents later. BTW i just heard katy perry`s HOOK UP whew so cool i love it more than k.clarkson`s version,negative
"  very sweet!!! HAHA. I am like super proud to be a new mom!!! I feel like, i got the PERFECT daughter. And i am a GREAT mom!!!",negative
gosh im bored. its early..n i wanna go..to sleeeepp why am i at work?  *kay<3*,positive
 I hate cottage cheese.  I even got some fancy stuff last weekend with lemon and berries...I could only eat half of it.,negative
" you should come to Estonia, I know some epic horses here, hehe, and a good trainer and good beaches were to ride!",negative
_jonas101 WOW they`re totally amazing and they`re more than awesome,positive
Just got laid off  stupid economy!,negative
http://twitpic.com/67i90 - My plans have been ruined,negative
"nothing better than to have your Grandaughter smile and nothing feels better than that big hug!! Grandkids, what a hoot!",positive
 oh I know. and I aprreciate it  it can be my back up plan,negative
" Yes, I would love some more cowbell!",positive
Trying to get to sleep but mum is blaring Les Mis really loudly in the sitting room,negative
"Don`t think I`m gonna be able to go to see the JB 3D Concert...wrong time, no where very close by",positive
"I`m a sad panda, hulu doesn`t have the elephant show   no Skinnamarinkydinkydink sing alongs for me.",negative
I`m gonna cry    I went bad at my History test ! I really hate History  !,negative
_ Truetrue  But he`s not! xD,negative
"Sad I missed  going away party due to too much work, but I really am gonna miss that kid",negative
One of the most random phone calls ever. My god kill me now.,positive
& more #<3criminy cuteness! http://tinyurl.com/cd8yab #sinfest,negative
"the neighborhood gas station is gone, kaput, out of business. No more convenient trips for ice or whatevs. over 3 miles now to travel..",negative
tomorrow`s mother`s day  me n my sis gonna make an onigiri for our mom~!! its gonna be so kewl!! cant wait for tomorrow >_<,negative
it makes me sad when people phones are sick,negative
taking care of sick children,negative
 welcome to my life,negative
" Same here - events + writing songs. But I just finished my TMNT vs MMPR song, so I`m excited to record that on Wednesday",positive
 oh sweet! I`ll definitely check it out when I get the chance...,negative
 Youuuu`re an aaass  my aaass loooool,negative
"I want to ride my bicycle today, but it`s too cold and cloudy today",negative
" Thank you! One day at a time, right?",negative
" I missed mine, too. Not fun...",negative
_e thanks for following me. Nice to meet you,positive
Danny cut his beautiful curls,negative
God is so good!!,negative
forcing myself to watch the movie 1984 for my book report  im lazy to read,positive
" thanks amy, its full of hotness",negative
 don`t think i can take a needle. watched a horribly gory short film on drugs a few months ago. i`m scarred for life.,negative
can`t be arsed to get out of bed  hello sunshine,negative
Every pair of jeans I own nowadays is very tight.  I think mah butt gettin big (oh!),negative
 Cheese and Onion! Vinegar taste weird on crisps! England`s got loads of weird crisps flavorus  lol.. What do you like ? x,negative
 Thank yooou! I might have to get it seen to... hm...  ****,positive
Ohh grandpas.. Stable.. Won`t kno all details til tomorrow when I visit... Keep him me and my fam in ur prayers..thank you  ... Goodnite,positive
Sore throat. This is not good. I have four performances this weekend.,negative
 it because your handwriting isnt on any of them. and everyone is making fun of me because im sitting by myseld in the lrc,positive
So disappointed about the talent lineup for 'Reventï¿½n Super Estrella 2009'...hmm...Have the feeling I won`t get tix this time around.,negative
" can I come!?   I`m Merci btw., I have always been so inspired by you since I was a teenager.",negative
 how crappy for him,negative
its freezing cold! i cant function right in this type of weather. starving to the max,positive
Anyone ever had that heavy feeling of sadness in their hearts? Thats my case rite now.,negative
_k_2k - Y!360 closing? get out!,negative
" aww if I could, I would...  GBY ;)",positive
I ate too many kisses.,negative
 Thanks for the warning. Good thing my heart is unbreakable.,negative
 ... like you`re stuff!  Strange voicemails! http://bit.ly/yKxms,negative
 Well done! Happy for ya.,positive
"True to form, Bank Holiday Monday looks like it might be rainy. Hope it holds off til later, family&friends plan walk and picnic today",negative
Thinks FML should changed to LML (love my life),positive
"Ha,  i`m giving spymaster a chance - just curious! will miss u",negative
"Loves the 2nd half of even days, orch and jazz band with daddy",negative
is tired. And turning off the Internet. You can play on it in the morning.,positive
happy star wars day,negative
Just got notified my podcast was accepted into iTunes. http://budurl.com/SBit Of course I then realized it was miss formated  Fixed now.,negative
Heyy.thnxx.or.inviting.me.to.ur.party.rob.ill.be.down.there.on.june.24th.ill.miss.u.when.u.go.to.italy....   <333333333 txt.me.hon!!!,positive
is tired of summer already,positive
 I`ve given up on pizza - kids would never let me have my fav  (the hot ones),positive
im hangin out with my cousin holly and tlkin 2 my grandparents.......  my phone went dead,positive
 Thats great,negative
i wish i could teach my dog how to play xbox!  alas...no thumbs,negative
 thanks! I`m totally bushed today though time for some coding,negative
Omg!!! Is this the sun glimpsing through the clouds?! Woohoo!,negative
" haha yea, i just feel like its being taken the wrong direction, used to be a cool place, now its a mess",negative
 shes must be a truly amazing woman for having a phenomenal son..,positive
 very nice...i cleared my head,positive
" umm get ready, help my mum, give GJ his presents when he gets up (could be a while), wait for people to arrive, then party",positive
Happy Mother`s Day mom,positive
#asylm yay registered but lost all my friends,negative
"church bellss are ringin  got to go. adieu,(god bless in german)",positive
 watching dor on utv movies again great performance,negative
did U watch the spelling bee contest ? winner: Kavya Shivshankar ! Impressive performance - i had not even heared most of the words b4,positive
 probably not in this weather,negative
 no wonder you hate driving and country roads and stuff,positive
heading out to (a long)band practice. last one before our first show on Saturday night. Hope it`s a good one  http://digg.com/u12MIW,negative
says HAPPY MOTHER`S DAY TO ALL THE MOMS OUT THERE!  http://plurk.com/p/stezd,negative
 sorry to hear your news,negative
sad.. Daniel is leaving Florida now.. just gave him a big hug,positive
it`s mother`s day...i already bought and gave my mother`s day present to my mother.,positive
Best friend is leaving to go back to school today..I am so sad,negative
has a new nick name - arosh ..i like i like,negative
 i guess you get loads of emails & people asking you stuff al the time but i seriously wonder if you ever read my comments  x,negative
Ahh... I love Chinese music. Haha.  Not gonna see my luff til Thursday...,positive
People are people...nooooo? Id never have guessed tht...idiot..im grouchy now,positive
 i see you hannah klein!. lookin good today,negative
aha _marie my brother`s wallpaper on his phone is Dolly The Sheep  aha i`m loling.,negative
Sending blessings out to ,negative
Mudweight hauled in for last time by   http://yfrog.com/0zr2jqj,negative
"i cant believes its already Monday, the weekend went by soooo fast, keeping my fingers crossed that will too",negative
"Barack Obama is a legend, just watched his dinner speach, it was pretty funny",positive
 Ouch. I won`t be down in Miami tomorrow morning. That sucks  It`s a cruise? Are you driving back the next Saturday?,negative
sadd..  last night in fl.. going back to AR tomorrow,negative
 sounds awesome..,negative
 no. my school will start on June1.  two days to go. i still don`t want. :l,positive
"Tbh having no credit in your phone sux. i cant even text people to see what`s happening, like its totally grrrsville",negative
This month was a bad month to try and get an advert together for Kobold Quarterly,negative
 I`m concerned for that family,positive
Idk i cant do ****,negative
only gets spam in her college email account now. What a way to rub in graduation.,negative
 I`m very much in tune with your words today. Thanks.,negative
 how are you gonna get them? I got bitten,negative
" I`m so sad I missed your calling time, I got home from practice too late",negative
 im jealous.  im slaving away at the store and youre chilling on the boat.,positive
I got up early to pay bills. I figured its like a bandaid if I get it over quickly it won`t be so bad... I was wrong,negative
" ooh, work im afarid  looking forward to a sunny weekeknd tho!!!",positive
putting 3 new consultants to work this week. it`s a good feeling!  congrats on your offers,negative
Just snappy`s delivered some tea and ice cream. I love my sister.,positive
FRIDAY so freakin happy today was an annoying day  buuut WEEKEND! TGIF<3,negative
 YEP  it`ll be awesome to the max =] haha,positive
"_ Heading off to Poole around 4ish,  has some serious gardening to do before we go, no Tweetdeck til Sunday evening,",negative
too sick for rigging tomorrow.,negative
Have to go to the dreaded DMV tomorrow,negative
"Is on her way to nottingham! ICOF tonight, then no more gigs umtil download. Fail",negative
 Hey! r u back in La right now?What was ur favorite part bout Europe? I`ve never been out of the country xcept Canada  XO Jenna,positive
 I wish I could have time for my xbox  project all tied,negative
 Yay I love it when you host Money For Breakfast Jenna Lee  4hrs of you the amazing and so pretty and sexy Jenna Lee yay.,negative
Gutted. The kitchen is empty literally EMPTY. No even kidding. I`m so hungry,negative
_jtv WHAT! I was only gone for 30 minutes and you`re already showing boobage without me?,negative
"  I just got through doing my work now I can take the whole day off, its great being your own boss",negative
"  poor you lmao, just stick your head out the window!",positive
 etherreal WAS my main preoccupation. Now it`s EtherREAL`s preoccupation... humm... me ? schizophrenic ?,positive
 dohh! is it old? I had never heard it.. I`m so last year..,negative
 Instrumentalists like to give singers a hard time. But the vocalist`s job is the toughest when he/she is sick.,negative
Just got the Nashville IHOP staff to hit the Dougie with me and Mayne. What a **** night,negative
I miss matt today,negative
Heading back home with a win!,negative
my stomach hurts,positive
 good luck in the pressure test! don`t worry everything will be great,negative
 I really wish I could,negative
I`m very conflicted here.  I really like Mike but I still have feelings for Darrin.  It`s really complicated.  I don`t know what to do.,negative
 noticed that yesterday too...i`m actually really happy about that  #StarTrek,negative
"Okay so yesterday was good went food shopping, cooked some chicken tacos and bakes some cookies!!!  Now I am back at work.",negative
Looking at our photo shoot pics...check out our myspace pics to see them...i love them all...,negative
"little beetle not feeling any love  Searches are bring up zilch, bar 2 peeps that appear funny !!!",positive
" Thank ye, Vaneta.  Much appreciated",negative
 LOL Me too. Going out at 12am isn`t as easy as it used to be,negative
 Quite a few. Peacocks and Oceanographer`s Choice are my new favorites to play,positive
 yeahhh! u`ve got plenty of great fans!! And in Spain too! u should come and play a gig here!!,negative
ugh! nothing to do in the valley  Seriously gotta move out of here!!!,negative
"28deg C in here, all this tech in my room does have the major downside of a lot of heat, doesn`t help its hot outside 2",negative
wow the last hour of twittering that I`ve been doing has yet to be sent over to twitter..  guys bare w me...,positive
"_leigh Thank you,!  Just trying to stay in a positive head space to keep pushing through it all. How`s things at your end?",negative
"Enjoyed this week off work, back next week",negative
 I`m come and try to find you and be your fan too,negative
 hey i know ya dont know me but i wanted to say yopu have helped me a lot i was over in iraq and i wanted to thank you,negative
Feeling very tierd! too much college work!!!!!!,negative
mmm...reconsituted meat products and week-old veggies...gotta love that rehydrated warm milk for breakfast,positive
 oh no  say it aint so,negative
thank god for some overcast and ivory. Trying to get my mom to take me out to lunch egh doesnt look like its gonna work.,positive
"  Cant Thank YOu Enough, WHo is NITIN BETWEEN?",positive
 well piss on that. I can`t get into their site @ work nor does it come thru on my phone.,positive
http://twitpic.com/670ar - this is post guitar hero **** kicking,negative
 i dont like #kde since ver. 4.0 its like vista  #fail,negative
"I need some motivation in my life, oh and some love would be nice too",positive
 welcome,negative
"I can`t wait to start my weekend. I`m so sick of working, I have to self-medicate, and I`m fresh out of herb",negative
_Itx no credits for me unfortunately!,positive
" It`s ugly and gray outside even in San Diego. Not too cold, will get to 70, but May-gray June-gloom for us all",negative
cookies are good,negative
" He loved it, so Happy Birthday!!!   He said you sounded like a mixture of John Lennon, Chrissie Hynde, and Janis Joplin.",negative
"_griffiths There was a good atmos. I decided to stay til closing, very funny!",negative
  supporting superfly all the way,negative
" I would lime them. Or lemon?  And deal, sounds fabulous to me!  Text me up when you`re back",positive
Why don`t you make me feel like you used to,positive
 unfortunately I didn`t leave the house in time,negative
when da heck will the garage man get here I ask you.. WHEN..,negative
"Hey, hey, happy mother`s day!  http://plurk.com/p/svwii",positive
_alfradique No fun   Well hopefully you don`t have much more to go...,positive
mothers day...love you madre   chels tonight. cant wait for her to see her present!,negative
Conference call with HP.  They gave me an invalid pass code so I can`t attend,negative
 FUZE was giving away capes at Komen`s Race for the Cure today! And I`d always love a hug from you hun!,positive
The lab informs me the logic board is dead as well. It is farking expensive to replace. I don`t know what to do.  #MyPowerBookG4RIP,negative
We just hit 10000 views on myspace! Thanks everyone!,negative
I`m not ready for my baby to be 3 tomorrow  she is growing so fast....,negative
lao mein and spanikopita HAHA you would have to be here to know,positive
 PS: Wish I were coming tonight.,negative
i hate feeling like this about him  i need a break away from everyone... as soon as exams are over i`m defo off to portsmouth for a bit,negative
goodmorning everyone,negative
 what did you think of the finale?  I thought it was kind of a cheap way out,negative
"Long day of dancin, travelin, and celebrating life  happy mothers day!!",negative
Why am I always the one on time. They are always late. I wanna sleep. I miss Mere.,positive
 I want an invite - sick of seeing all these links for people playing and being left out,negative
I miss my puppy,negative
in San Jose.   having good time w/ bros.  Also helped dad edit next  Holy Land brochure. wish I could go!,negative
 how`s the fam? Well I hope.,positive
">>Why did the Blonde Keep failing her drivers license test-------->>>>>Everytime they stopped, she jumped in the back seat.",negative
 Come to Rochester with me and Nikki. Beer and a Hog Roast always helps.,positive
  Thank you!,positive
He put a **** mohawk in my son head.....he just killed my vibe as always,positive
"Well, she`s getting through.",positive
No kickboxing classes today  pretty bummed. Still going to work out hard. http://myloc.me/1ZT0,positive
all alone for the weekend!,negative
Poor dead Josh.  http://bit.ly/JKpHn  Please leave your messages of condolences there.  #boy #rip,negative
watching the rain and reminiscing about the time when everytime it rained I was with the love of my life.,negative
This is how much hair falls off everytime I shower. It`s more sad than disgusting  http://yfrog.com/6p190aj,negative
"pff, Life sucks sometimes!",negative
Wish I had a laptop charger so I could tweet faster,negative
"Waaah, asshat at CVS yesterday shortchanged me  I paid 10$ for chips.",negative
 Happy Mom`s Day!  Here in Spain it was last Sunday!! Any hint of when the first single will be out on radio? LYM!!  Mini,positive
 not sexy with 2 tubes sticking out of my stomach  but thanks !,negative
listening to David Archuleta album it`s amazing,negative
 aww...thats a bummer,negative
I dont wanna im to spanish today,positive
"yep, good morning to you all  or night or evening or whatever xD",negative
WORKK! yay,negative
" Aww, thank you Soulmate! Haha.",positive
"cars,,,,cars....cars.....I need one. ha ha. The one I found last night, that I wanted so bad! is now sold. And not to me",positive
 (RE:'your joint w/  is crazy!!') Thx    Hey Trax heard a 49er rear ended you??,negative
_za thanks man. I can`t wait,negative
I`ve been to Best Buy & Target and still no Electrik Red album! I`m loosing hope..they`ve never even heard of the girls,negative
" i was sent home yest from work, when in again today but feel like hell and burning up with a high temp, got it off hubby",positive
Great exercise for a Sunday morning: 'stopping the wheel of karma' (R.A.W.) and transforming negativity into love... Life!,negative
 yes yes yes lotsa fun  i cant wait. dont like make up with shaun too much in front of me tho cos ill get awkard haha,negative
 Thank you Kirst - your posts on running inspired me,negative
I wanna crawl under my desk and take a nap  nvrmind its dirty =/,negative
okay someplease save me!!! now I am watching ninja warrier and eating an egg roll from last night,negative
HAPPY MOTHERS DAY 2 ME,negative
 Excellent point.,positive
 oh and twas my very brilliant idea if I do say so myself  what can I say i`m an ideas woman,negative
Good Morning! 'RETURN TO WILLEN ISLAND - Spring has most definitely sprung' ... http://bit.ly/EyRtT ... enjoy,negative
Watching One Fine Day while eating my cereal. Start a good sunday with a good movie,negative
OMG sore shoulder,positive
 You`re welcome! Cutie-pie kiddo.. in your picture btw  Love those shades!,positive
goin ta bed now!   goodnite jessica,positive
 lmao you witty wacko...loves it,negative
" I refuse to get excited as I don`t want to be let down  if it happens, as long as it`s not between June 11 - 28 or I`d die",negative
"`If I don`t believe in Him, why would He believe in me?` -Bring Me The Horizon  A chill goes down my spine whenever I hear that line.",positive
"@_xotashhh I love having days off school, I had one on friday too",positive
 u never sent me carrie. ur an ****. but an **** that i miss,positive
theres too much light pollution to see the stars,negative
sick n tired of people who steal other people`s work,positive
 I`m having trouble viewing it as well on you tube for some reason,negative
if i wasnt workin in 5 hours id be gettin ratarsed to the point where i couldnt even see let alone stand up...THAT is how **** i feel,positive
" #warmfuzzies to you, my friend",negative
@_supernatural_ http://twitpic.com/66l83 - I really miss her.,negative
happy sunday all,negative
 Please let me know if it is allright DE i need to know but first just wake up a little and enjoy the cofee  ****,negative
 well maybe someone will care,positive
"   Awww, that wasn`t very nice.",positive
slaving away at work,positive
"For US tweeps, don`t forget to call your mom today...",positive
 haha i agree ! i am her test dummy. i just go in and say 'do whatever you want' and i always love it.  she is magic!,negative
" ****, i dont have 2 work saturday, & i was suppose 2 hang out with my friend & watch it. we can still hang out but no JONAS =",negative
Going to tmobile  i need a new phone this G1 is so not working for me anymore,negative
 OOO YUK !! thats not good Im retching as we tweet,negative
 120mm films usually handled at Fuji  Oh I met a girl at San Diego. Kwento soon. I miss youuu!,positive
"That seized bolt, ya it`s still stuck! The bushing is actually seized to the bolt, very very lame   Perhaps some heat will work?",negative
 Hearing that my songs brighten someone`s day always makes ME grin.,negative
Hates having broken wrist and has PE next ugh,positive
watching SNL with guess Justin Timberlake...OMG! He is too funny!  hahahah,negative
Well off 2 bed...cant wait 2 party 4 Mother`s Day in like 14 hours or so,negative
is gonna be mad hungry when I get home. Forgot my money...,negative
#bouvierb-day is on trending topics. ahh Happy Birthday Pierre Bouvier,negative
http://skipall.com/8p.png  The come apart easy enough,positive
sadly  brother told me there are no skateparks where he lives. BUMMER!,positive
Heaos keen for next weekend.        Mummy. <3,negative
i hate stupid boys! arrgh,negative
 I hope you didn`t take that quote personally!! I`ve been throwing them out here and there all day-guess I shoulda waited a bit,positive
 sounds like you`re having a great time,negative
" and Im just going into work... if we were married, we wud never see each other",positive
 Weird! Maybe all the updates just aren`t being sent to my phone  Haha,positive
Amazing day with my boyfriend. He`s a good drummer.,negative
 pansy  wtf codeh?!,negative
I should have know that 'extra hand' comment would cause trouble...  About to upload House Music and Beyond Vol. 3,negative
Just got back from a run & I`m feeling grrrrrreeeeeaat!!!,negative
 yes  and i want you to keep going if you would ;),positive
Sunburn ouch,negative
 Fun times ~ that`s my friends beer!  here`s the pic`  http://yfrog.com/053agj,positive
It appears I`m going home tomorrow...and it`s not a good thing...,negative
The graduation ceremony should be starting about now. I really wish I could be there.,negative
- I LOVE YOU!!!! YOU MAKE ME SO HAPPY!!!!,positive
 Thanks for sending the link.,negative
  wish u could rub my head too,negative
_Hodges Yup. Their loss.,positive
i`m sad...i`ll miss you grandma angie.. you were always like a 3rd grandma to me..,negative
_in_love scanton?! that`s farrr  elaine got her cartilage pierced! it`s so cute!,negative
Wake Up..... Please.,negative
" Would applaud self-validation for all sorts of good theological, psychological & sociological reasons. But agree - lighten up!",negative
 im sorry,positive
 lol exams i didn`t go to mcast or other school i finished form 5 and that`s it soo disappointed in myself,negative
These messages are teasing me! It isnt fair.,negative
 ack! I just read about your show  that`s horrible!!! No accounting for taste.,positive
" ... thx for ur msg, so awesome!  luv the new single! xoxo",negative
 last week  and I interviewed  and we told him you are the FB queen! Glad to see you both connected,negative
 and I was just gonna ask you if you wanted to go to CLUB Hidden House on sat night. hehe.,negative
5500 words and counting.  My hands hurt,positive
_ When they don`t pop well. I feel lousier after playing those.,positive
 Hi x Your websites soo cool i love using it  Thank you,positive
 pretty soon gonna have to unfollow myself from _words to cut the quickly growing 'habit' ... but I do love the challenge!,positive
OMggg. i just heard someone is gonna die on the new season of the secret life of the american teenager  noooo.,negative
i`m getting ready for tonight (teachers dinner on the beach!) but it`s raining and i hate this!,positive
 not happy,negative
I wish I can see clips of your show that you hosted. Hottie Shawn in the 80`s! and yes your still a Hottie!,negative
But on the bright side...no school,negative
I have turned into a fast food ****,negative
I hate not getting e-mail`s  going to do other stuff now...ice my toe (long story) and have some calpol (cold :S) soooo night xxxx,negative
Now I am depressed after watching so you think you can dance,negative
misses Nanny.,negative
thinks castles are fun,positive
I will move anywhere as long as it has a freaking dishwasher! I despise doing dishes,negative
" Im doing ok.  I have a 15 year old going on 35 that is driving me crazy, but that comes with the territory, I guess.",negative
Poor Kella is on meds now for an ear infection; she lost her food all over  twice at the doc`s,negative
" Yes, have to be right for church",positive
hm...still workin on my contract.hmm...i`m feelin awful..,positive
I totally forgot my phone at home this morning,negative
 Proud 17-year-old here that loves The Carpenters!!!,positive
feels sick to my stomach and idkk whyy,positive
 so cute you twitting in potuguese!,negative
 ew.  sorry zach,positive
 http://twitpic.com/4jber - aww .... then we wonder why they hate us later..... lol!!,negative
i hate it when my bff is groundedd  boooooooooo,negative
" The Star Trek in IMAX wasn`t in 3D, but it was huge on the screen.  Still worth watching.",negative
getting ready to see my cousins graduate.  gonna miss em.,positive
 **** i shouldnt have left!,negative
_law_rence &  WHY?! my head feels like the surface of the sun  underneath a beaver pelt.,positive
"Finished watching Episode 4&5 of Ruby Metaprogramming Screencasts. Lots of cool tips, great! But need to more coding practices to master.",negative
" I love the site what a hoot, really enjoy the hair cuts in Thailand, always try to time ir just right, thanks for the tip",negative
Not made it to work  couldn`t get up feelin blurgh,negative
My throat hurts and I can`t sleep.,positive
im depressed on this pretty day  Everyone either is doing something or CAN`T...bleh -.-,negative
The rain outside motivates me to sleep.,positive
 HEY BUCK!!!!  love u loads!! LOVE 'WHAT THE BUCK?!',positive
..exams.  haha just remembrd the china buffet king yesterday. vair amusing ....,positive
"hmmm dollhouse sounds pretty good, http://bit.ly/z3aZv  i think ima download it and try watching it",negative
"**** these nig*s is all on me, but they won`t get this...'Not without a check!' LMFAO",negative
thanks do the invite though,negative
 YOU LOOKED ABSOLUTELY BEAUTIFUL AND ELEGANT.,negative
"_Brown Thank you so much Natalie, hope u are well",positive
" Please send me those youtube links, Erin watched most of them but I was cooking and didn`t get to see the cowboys",negative
" That didn`t work, unfortunately.",positive
get it right! I think I am obsessed with Hydes` voice @_@  I`ve chosen a guitar song to learn for the summer! Time to perfect picking!,positive
 Good prices for bulk SMS and Premium SMS too  http://promotion.itagg.com,negative
What`s worse than a fever and sore throat? Cancelling a trip to see your little bro because of a fever and sore throat.,negative
Yea!  Headed home to change and head over to Pelham.  Sad thought... suposed to be heading over there for the NKOTB concert...,negative
 Aw it says the pic doesn`t exist anymore,negative
"Today, i did`t have lunch, cuz wel i embarrass my self with all 'school'  ok, FINAL TESTS and FINAL YEAR aaaaa! thanx God 4 That friends!",negative
my newsreader is filling up with blogs  yay! keep pm`ing me your blog sites. I love reading them!,negative
home alone and no one left me any gummy bears,positive
back from melly`s party... i had fun...  i`m sleepy now...,negative
 Haha...YAY!!! I`M CURED!!!!,negative
"Sick, sick, sick. This sucks. i can`t even breathe properly",negative
Adding names to my Twitter account and learning how to use this amazing thing!,negative
 ooh thats an early start  ive got bed planned for that time..ha..LoveYouJonesy ****,negative
Booo my best friend is leavin for the weekend. What ever will I do without her??,negative
